{
  "bdt": {
    "model": "BDT",
    "roc_auc": 0.9404830250744787,
    "pr_auc": 0.6741378545493093,
    "tp": 246,
    "fp": 165,
    "tn": 1531,
    "fn": 58,
    "threshold": 0.5
  },
  "mlp": {
    "model": "MLP",
    "roc_auc": 0.9467535842850049,
    "pr_auc": 0.6963254573505379,
    "tp": 285,
    "fp": 256,
    "tn": 1440,
    "fn": 19,
    "threshold": 0.5
  },
  "sr": {
    "model": "SR (symbolic)",
    "roc_auc": 0.9446802072989078,
    "pr_auc": 0.6790541327117395,
    "tp": 285,
    "fp": 295,
    "tn": 1401,
    "fn": 19,
    "threshold": 0.5,
    "equation": "((x1 * tanh(((x1 / -1.4926332) + (x0 / 3.0070467)) * (((x1 / x2) + x1) + (x3 * 0.037296787)))) + x4) * 3.7193508",
    "feature_names": [
      "r0",
      "v0",
      "cos_dtheta",
      "sin_dtheta",
      "mass",
      "rTarget"
    ]
  }
}